{"inputUnits":[34],"outputUnits":5,"inputs":{"0":{"dtype":"number","min":115.26268035057454,"max":426.4587770454615},"1":{"dtype":"number","min":7.062291839243372,"max":181.42140310562075},"2":{"dtype":"number","min":131.34891613912026,"max":435.415430625589},"3":{"dtype":"number","min":-6.487407758542076,"max":175.8167204504347},"4":{"dtype":"number","min":96.1426422475377,"max":411.5259501535141},"5":{"dtype":"number","min":-5.251195885328002,"max":176.02928072562014},"6":{"dtype":"number","min":170.05457540430447,"max":456.06225870926556},"7":{"dtype":"number","min":6.908307502241911,"max":180.74066043363933},"8":{"dtype":"number","min":77.79799969743662,"max":401.4191828627531},"9":{"dtype":"number","min":4.339870052115003,"max":181.3181646324781},"10":{"dtype":"number","min":227.2173371667528,"max":481.5098643024608},"11":{"dtype":"number","min":73.89460819704524,"max":243.014740702707},"12":{"dtype":"number","min":91.16856437712792,"max":394.1307335048334},"13":{"dtype":"number","min":87.09306828242796,"max":261.0559188902146},"14":{"dtype":"number","min":298.6299649843446,"max":545.3881147213947},"15":{"dtype":"number","min":61.051862545978224,"max":331.7335848678411},"16":{"dtype":"number","min":-7.953775012539519,"max":326.17429621952516},"17":{"dtype":"number","min":61.46194398635092,"max":339.3602969395975},"18":{"dtype":"number","min":253.27137394174065,"max":635.9217754319484},"19":{"dtype":"number","min":5.015052765723794,"max":441.25525507945497},"20":{"dtype":"number","min":-27.483102523863085,"max":366.7371887919504},"21":{"dtype":"number","min":-7.98129426830009,"max":467.4837936223249},"22":{"dtype":"number","min":197.64728308651698,"max":481.54612886302664},"23":{"dtype":"number","min":263.23115367369894,"max":465.054278540704},"24":{"dtype":"number","min":119.27630443053486,"max":408.82680336325086},"25":{"dtype":"number","min":263.3084165818033,"max":468.02461201114875},"26":{"dtype":"number","min":154.8259746981966,"max":499.65537460861503},"27":{"dtype":"number","min":350.02218105449754,"max":585.8000521529973},"28":{"dtype":"number","min":76.4438845860819,"max":369.9262709561953},"29":{"dtype":"number","min":352.3821778056223,"max":586.5478468126825},"30":{"dtype":"number","min":154.708933255088,"max":505.27084528704097},"31":{"dtype":"number","min":410.75366543424735,"max":586.3966553684338},"32":{"dtype":"number","min":104.35131740941148,"max":412.5521743715041},"33":{"dtype":"number","min":417.4378700107916,"max":589.6292458619589}},"outputs":{"0":{"dtype":"string","min":0,"max":1,"uniqueValues":["ArrowUp","ArrowDown","ArrowLeft","ArrowRight","n"],"legend":{"ArrowUp":[1,0,0,0,0],"ArrowDown":[0,1,0,0,0],"ArrowLeft":[0,0,1,0,0],"ArrowRight":[0,0,0,1,0],"n":[0,0,0,0,1]}}},"isNormalized":true}